certification_id,vendor_id,vendor_name,name,slug,route_identifier,rolemath_url,official_url,currentness_state,current_exam_code,current_version,current_source_url,current_checked_date,exam_fees_json,renewal_json,role_ids,occupation_ids,training_offer_count,known_unknowns_json
cert_comptia_tech_plus,comptia,CompTIA,CompTIA Tech+,comptia-tech-plus,/certifications/comptia/comptia-tech-plus,,https://www.comptia.org/en-us/certifications/tech/,current,FC0-U71,V6,https://www.comptia.org/en-us/certifications/tech/,2026-08-09,"[{""amount"":129.0,""currency"":""USD"",""scope"":""FC0-U71; United States storefront"",""source_url"":""https://www.comptia.org/en-us/certifications/tech/"",""checked_date"":""2026-08-09""}]","{""lifecycle_state"":""no_expiration"",""validity_years"":0.0,""model"":""Standard Tech+ FC0-U71 does not expire and does not require renewal; FC0-U71-CE is a separate five-year CE variant."",""fee"":0.0,""fee_unit"":""per_cycle"",""ce_credits"":null,""ce_period"":null,""source_url"":""https://www.comptia.org/en-us/certifications/tech/"",""checked_date"":""2026-08-09""}",role_help_desk_technician;role_it_support_specialist,occ_computer_user_support_specialists,0,[]
cert_comptia_a_plus,comptia,CompTIA,CompTIA A+,comptia-a-plus,/certifications/comptia/comptia-a-plus,https://rolemath.com/certifications/comptia/comptia-a-plus/,https://www.comptia.org/en-us/certifications/a/core-1-and-2-v15/,unresolved,220-1201 + 220-1202,V15,https://www.comptia.org/en-us/certifications/a/core-1-and-2-v15/,2026-06-13,"[{""amount"":274.0,""currency"":""USD"",""scope"":""220-1201; United States storefront"",""source_url"":""https://www.comptia.org/en-us/certifications/a/core-1-and-2-v15/"",""checked_date"":""2026-06-13""},{""amount"":274.0,""currency"":""USD"",""scope"":""220-1202; United States storefront"",""source_url"":""https://www.comptia.org/en-us/certifications/a/core-1-and-2-v15/"",""checked_date"":""2026-06-13""}]","{""lifecycle_state"":""time_limited"",""validity_years"":3.0,""model"":""Upload CEUs / CertMaster CE / or retake; fee waived by passing a higher CompTIA cert"",""fee"":75.0,""fee_unit"":""per_cycle"",""ce_credits"":20.0,""ce_period"":""per 3-year cycle"",""source_url"":""https://www.comptia.org/en-us/resources/ce/learn/continuing-education-renewal-fees/"",""checked_date"":""2026-06-14""}",role_help_desk_technician;role_it_support_specialist;role_technical_support_engineer;role_data_analyst,occ_business_intelligence_analysts;occ_computer_user_support_specialists,0,"[""RoleMath did not find an in-window attributable exam/version for the build date.""]"
cert_comptia_network_plus,comptia,CompTIA,CompTIA Network+,comptia-network-plus,/certifications/comptia/comptia-network-plus,https://rolemath.com/certifications/comptia/comptia-network-plus/,https://www.comptia.org/en-us/certifications/network/,current,N10-009,V9,https://www.comptia.org/en-us/certifications/network/,2026-08-09,"[{""amount"":399.0,""currency"":""USD"",""scope"":""N10-009; United States storefront"",""source_url"":""https://www.comptia.org/en-us/certifications/network/"",""checked_date"":""2026-06-13""}]","{""lifecycle_state"":""time_limited"",""validity_years"":3.0,""model"":""Upload qualifying CEUs and pay applicable CE fees, complete CertMaster CE, pass the latest exam, or earn a higher CompTIA certification that fully renews Network+"",""fee"":150.0,""fee_unit"":""per_cycle"",""ce_credits"":30.0,""ce_period"":""per 3-year cycle"",""source_url"":""https://www.comptia.org/en-us/resources/ce/learn/continuing-education-renewal-fees/"",""checked_date"":""2026-08-09""}",role_it_support_specialist;role_technical_support_engineer;role_network_administrator;role_junior_systems_administrator;role_cybersecurity_analyst;role_cloud_support_associate;role_network_security_engineer;role_network_automation_engineer,occ_computer_user_support_specialists;occ_information_security_analysts;occ_network_systems_administrators;occ_computer_network_architects;occ_information_security_engineers,0,[]
cert_comptia_security_plus,comptia,CompTIA,CompTIA Security+,comptia-security-plus,/certifications/comptia/comptia-security-plus,https://rolemath.com/certifications/comptia/comptia-security-plus/,https://www.comptia.org/en-us/certifications/security/,current,SY0-701,V7,https://www.comptia.org/en-us/certifications/security/,2026-06-19,"[{""amount"":439.0,""currency"":""USD"",""scope"":""SY0-701; United States storefront"",""source_url"":""https://www.comptia.org/en-us/certifications/security/"",""checked_date"":""2026-06-13""}]","{""lifecycle_state"":""time_limited"",""validity_years"":3.0,""model"":""Upload CEUs / CertMaster CE / or retake; fee waived by passing a higher CompTIA cert"",""fee"":150.0,""fee_unit"":""per_cycle"",""ce_credits"":50.0,""ce_period"":""per 3-year cycle"",""source_url"":""https://www.comptia.org/en-us/resources/ce/learn/continuing-education-renewal-fees/"",""checked_date"":""2026-06-14""}",role_cybersecurity_analyst;role_threat_intelligence_analyst;role_incident_response_analyst;role_soc_analyst;role_it_security_operations_specialist;role_network_security_engineer,occ_information_security_analysts;occ_information_security_engineers,5,[]
cert_comptia_linux_plus,comptia,CompTIA,CompTIA Linux+,comptia-linux-plus,/certifications/comptia/comptia-linux-plus,https://rolemath.com/certifications/comptia/comptia-linux-plus/,https://www.comptia.org/en-us/certifications/linux/,unresolved,XK0-006,V8,https://www.comptia.org/en-us/certifications/linux/,2026-08-09,"[{""amount"":399.0,""currency"":""USD"",""scope"":""XK0-006; United States storefront"",""source_url"":""https://www.comptia.org/en-us/certifications/linux/"",""checked_date"":""2026-06-08""}]","{""lifecycle_state"":""time_limited"",""validity_years"":3.0,""model"":""Upload CEUs / CertMaster CE / or retake; fee waived by passing a higher CompTIA cert"",""fee"":150.0,""fee_unit"":""per_cycle"",""ce_credits"":50.0,""ce_period"":""per 3-year cycle"",""source_url"":""https://www.comptia.org/en-us/resources/ce/learn/continuing-education-renewal-fees/"",""checked_date"":""2026-07-01""}",role_junior_systems_administrator;role_cloud_engineer;role_network_administrator,occ_computer_systems_engineers_architects;occ_network_systems_administrators,0,"[""RoleMath did not find an in-window attributable exam/version for the build date.""]"
cert_comptia_cloud_plus,comptia,CompTIA,CompTIA Cloud+,comptia-cloud-plus,/certifications/comptia/comptia-cloud-plus,https://rolemath.com/certifications/comptia/comptia-cloud-plus/,https://www.comptia.org/en-us/certifications/cloud/,unresolved,CV0-004,V4,https://www.comptia.org/en-us/certifications/cloud/,2026-08-09,"[{""amount"":399.0,""currency"":""USD"",""scope"":""CV0-004; United States storefront"",""source_url"":""https://www.comptia.org/en-us/certifications/cloud/"",""checked_date"":""2026-06-19""}]","{""lifecycle_state"":""time_limited"",""validity_years"":3.0,""model"":""Upload CEUs / CertMaster CE / or retake; fee waived by passing a higher CompTIA cert"",""fee"":150.0,""fee_unit"":""per_cycle"",""ce_credits"":null,""ce_period"":""per 3-year cycle"",""source_url"":""https://www.comptia.org/en-us/resources/ce/learn/continuing-education-renewal-fees/"",""checked_date"":""2026-06-19""}",role_cloud_engineer;role_cloud_support_associate;role_junior_systems_administrator,occ_computer_systems_engineers_architects;occ_computer_user_support_specialists;occ_network_systems_administrators,0,"[""RoleMath did not find an in-window attributable exam/version for the build date.""]"
cert_comptia_data_plus,comptia,CompTIA,CompTIA Data+,comptia-data-plus,/certifications/comptia/comptia-data-plus,,https://www.comptia.org/en-us/certifications/data/v2/,unresolved,DA0-002,V2,https://www.comptia.org/en-us/certifications/data/v2/,2026-08-09,"[{""amount"":264.0,""currency"":""USD"",""scope"":""DA0-002; United States storefront"",""source_url"":""https://www.comptia.org/en-us/certifications/data/v2/"",""checked_date"":""2026-06-08""}]","{""lifecycle_state"":""time_limited"",""validity_years"":3.0,""model"":""Upload CEUs / CertMaster CE / or retake; fee waived by passing a higher CompTIA cert"",""fee"":75.0,""fee_unit"":""per_cycle"",""ce_credits"":null,""ce_period"":""per 3-year cycle"",""source_url"":""https://www.comptia.org/en-us/resources/ce/learn/continuing-education-renewal-fees/"",""checked_date"":""2026-06-25""}",role_ai_specialist;role_data_analyst,occ_data_scientists;occ_business_intelligence_analysts,0,"[""RoleMath did not find an in-window attributable exam/version for the build date."",""No current official and genuinely free preparation resource is recorded.""]"
cert_comptia_project_plus,comptia,CompTIA,CompTIA Project+,comptia-project-plus,/certifications/comptia/comptia-project-plus,,https://www.comptia.org/en-us/certifications/project/,unresolved,PK0-005,V5,https://www.comptia.org/en-us/certifications/project/,2026-08-09,"[{""amount"":399.0,""currency"":""USD"",""scope"":""PK0-005; United States storefront"",""source_url"":""https://www.comptia.org/en-us/certifications/project/"",""checked_date"":""2026-06-08""}]","{""lifecycle_state"":""time_limited"",""validity_years"":3.0,""model"":""Upload CEUs / CertMaster CE / or retake; fee waived by passing a higher CompTIA cert"",""fee"":150.0,""fee_unit"":""per_cycle"",""ce_credits"":null,""ce_period"":""per 3-year cycle"",""source_url"":""https://www.comptia.org/en-us/resources/ce/learn/continuing-education-renewal-fees/"",""checked_date"":""2026-06-25""}",role_project_coordinator,occ_project_management_specialists,0,"[""RoleMath did not find an in-window attributable exam/version for the build date."",""No current official and genuinely free preparation resource is recorded.""]"
cert_comptia_cysa_plus,comptia,CompTIA,CompTIA CySA+,comptia-cysa-plus,/certifications/comptia/comptia-cysa-plus,https://rolemath.com/certifications/comptia/comptia-cysa-plus/,https://www.comptia.org/en-us/certifications/cybersecurity-analyst/v4/,unresolved,CS0-004,V4,https://www.comptia.org/en-us/certifications/cybersecurity-analyst/v4/,2026-08-09,"[{""amount"":439.0,""currency"":""USD"",""scope"":""CS0-004; United States storefront"",""source_url"":""https://www.comptia.org/en-us/certifications/cybersecurity-analyst/v4/"",""checked_date"":""2026-07-14""}]","{""lifecycle_state"":""time_limited"",""validity_years"":3.0,""model"":""Upload CEUs / CertMaster CE / or retake; fee waived by passing a higher CompTIA cert"",""fee"":150.0,""fee_unit"":""per_cycle"",""ce_credits"":60.0,""ce_period"":""per 3-year cycle"",""source_url"":""https://www.comptia.org/en-us/resources/ce/learn/continuing-education-renewal-fees/"",""checked_date"":""2026-07-01""}",role_threat_intelligence_analyst;role_incident_response_analyst;role_soc_analyst;role_it_security_operations_specialist;role_cybersecurity_analyst,occ_information_security_analysts,0,"[""RoleMath did not find an in-window attributable exam/version for the build date.""]"
cert_comptia_pentest_plus,comptia,CompTIA,CompTIA PenTest+,comptia-pentest-plus,/certifications/comptia/comptia-pentest-plus,https://rolemath.com/certifications/comptia/comptia-pentest-plus/,https://www.comptia.org/en-us/certifications/pentest/,unresolved,PT0-003,current,https://www.comptia.org/en-us/certifications/pentest/,2026-06-19,"[{""amount"":439.0,""currency"":""USD"",""scope"":""PT0-003; United States storefront"",""source_url"":""https://www.comptia.org/en-us/certifications/pentest/"",""checked_date"":""2026-06-19""}]","{""lifecycle_state"":""time_limited"",""validity_years"":3.0,""model"":""Upload CEUs / CertMaster CE / or retake; fee waived by passing a higher CompTIA cert"",""fee"":150.0,""fee_unit"":""per_cycle"",""ce_credits"":null,""ce_period"":""per 3-year cycle"",""source_url"":""https://www.comptia.org/en-us/resources/ce/learn/continuing-education-renewal-fees/"",""checked_date"":""2026-07-01""}",role_cybersecurity_analyst,occ_information_security_analysts,0,"[""RoleMath did not find an in-window attributable exam/version for the build date.""]"
cert_comptia_securityx,comptia,CompTIA,CompTIA SecurityX,comptia-securityx,/certifications/comptia/comptia-securityx,https://rolemath.com/certifications/comptia/comptia-securityx/,https://www.comptia.org/en-us/certifications/securityx/,unresolved,CAS-005,SecurityX,https://www.comptia.org/en-us/certifications/securityx/,2026-07-01,"[{""amount"":544.0,""currency"":""USD"",""scope"":""CAS-005; United States storefront"",""source_url"":""https://www.comptia.org/en-us/certifications/securityx/"",""checked_date"":""2026-06-08""}]","{""lifecycle_state"":""time_limited"",""validity_years"":3.0,""model"":""Upload CEUs / CertMaster CE / or retake; fee waived by passing a higher CompTIA cert"",""fee"":150.0,""fee_unit"":""per_cycle"",""ce_credits"":75.0,""ce_period"":""per 3-year cycle"",""source_url"":""https://www.comptia.org/en-us/resources/ce/learn/continuing-education-renewal-fees/"",""checked_date"":""2026-07-01""}",role_cybersecurity_analyst,occ_information_security_analysts,0,"[""RoleMath did not find an in-window attributable exam/version for the build date.""]"
cert_cisco_ccst_it_support,cisco,Cisco,Cisco Certified Support Technician IT Support,cisco-ccst-it-support,/certifications/cisco/cisco-ccst-it-support,,https://www.cisco.com/site/us/en/learn/training-certifications/exams/ccst-it-support.html,current,100-140 CCST IT Support,vendor publishes no separate version,https://www.cisco.com/site/us/en/learn/training-certifications/exams/list.html,2026-08-09,"[{""amount"":125.0,""currency"":""USD"",""scope"":""100-140; United States storefront"",""source_url"":""https://www.cisco.com/site/us/en/learn/training-certifications/exams/ccst-it-support.html"",""checked_date"":""2026-06-13""}]","{""lifecycle_state"":""time_limited"",""validity_years"":3.0,""model"":""Earn continuing-education credits or retake a qualifying exam before expiry"",""fee"":0.0,""fee_unit"":""per_cycle"",""ce_credits"":null,""ce_period"":""per 3-year period"",""source_url"":""https://www.cisco.com/site/us/en/learn/training-certifications/recertification-policy/index.html"",""checked_date"":""2026-06-19""}",role_help_desk_technician;role_it_support_specialist;role_technical_support_engineer,occ_computer_user_support_specialists,0,[]
cert_cisco_ccst_networking,cisco,Cisco,Cisco Certified Support Technician Networking,cisco-ccst-networking,/certifications/cisco/cisco-ccst-networking,,https://www.cisco.com/site/us/en/learn/training-certifications/exams/ccst-networking.html,current,100-150 CCST Networking,vendor publishes no separate version,https://www.cisco.com/site/us/en/learn/training-certifications/exams/list.html,2026-08-09,"[{""amount"":125.0,""currency"":""USD"",""scope"":""100-150; United States storefront"",""source_url"":""https://www.cisco.com/site/us/en/learn/training-certifications/exams/ccst-networking.html"",""checked_date"":""2026-06-12""}]","{""lifecycle_state"":""no_expiration"",""validity_years"":5.0,""model"":""Cisco states CCST entry-level certifications have a 5-year recertification cycle for credentials earned after July 15, 2025; CCST certifications earned before July 15, 2025 remain valid for a lifetime."",""fee"":null,""fee_unit"":null,""ce_credits"":null,""ce_period"":""per 5-year cycle"",""source_url"":""https://www.cisco.com/site/us/en/learn/training-certifications/certifications/recertification/index.html"",""checked_date"":""2026-06-12""}",role_network_administrator;role_it_support_specialist,occ_computer_user_support_specialists;occ_network_systems_administrators,0,[]
cert_cisco_ccst_cybersecurity,cisco,Cisco,Cisco Certified Support Technician Cybersecurity,cisco-ccst-cybersecurity,/certifications/cisco/cisco-ccst-cybersecurity,https://rolemath.com/certifications/cisco/cisco-ccst-cybersecurity/,https://www.cisco.com/site/us/en/learn/training-certifications/exams/ccst-cybersecurity.html,current,100-160 CCST Cybersecurity,vendor publishes no separate version,https://www.cisco.com/site/us/en/learn/training-certifications/exams/list.html,2026-08-09,"[{""amount"":125.0,""currency"":""USD"",""scope"":""100-160; United States storefront"",""source_url"":""https://www.cisco.com/site/us/en/learn/training-certifications/exams/ccst-cybersecurity.html"",""checked_date"":""2026-06-12""}]","{""lifecycle_state"":""time_limited"",""validity_years"":5.0,""model"":""Pass a current CCST exam, an Associate-level exam, a technology core or concentration exam, or a CCDE/CCIE exam before expiry"",""fee"":null,""fee_unit"":""route_dependent"",""ce_credits"":null,""ce_period"":""per 5-year period"",""source_url"":""https://www.cisco.com/site/us/en/learn/training-certifications/certifications/recertification/index.html"",""checked_date"":""2026-08-09""}",role_cybersecurity_analyst;role_threat_intelligence_analyst;role_incident_response_analyst;role_soc_analyst,occ_information_security_analysts,0,[]
cert_cisco_ccna,cisco,Cisco,Cisco Certified Network Associate,cisco-ccna,/certifications/cisco/cisco-ccna,https://rolemath.com/certifications/cisco/cisco-ccna/,https://www.cisco.com/site/us/en/learn/training-certifications/exams/ccna.html,current,200-301,v1.1,https://learningnetwork.cisco.com/s/ccna-exam-topics,2026-08-06,"[{""amount"":300.0,""currency"":""USD"",""scope"":""200-301; United States storefront"",""source_url"":""https://www.cisco.com/site/us/en/learn/training-certifications/exams/ccna.html"",""checked_date"":""2026-06-13""}]","{""lifecycle_state"":""time_limited"",""validity_years"":3.0,""model"":""Earn 30 continuing-education credits or pass a qualifying exam before expiry"",""fee"":null,""fee_unit"":""route_dependent"",""ce_credits"":null,""ce_period"":""per 3-year period"",""source_url"":""https://www.cisco.com/site/us/en/learn/training-certifications/recertification-policy/index.html"",""checked_date"":""2026-08-09""}",role_network_administrator;role_junior_systems_administrator;role_cybersecurity_analyst;role_network_security_engineer;role_network_automation_engineer,occ_information_security_analysts;occ_network_systems_administrators;occ_computer_network_architects;occ_information_security_engineers,2,[]
cert_cisco_ccnp_enterprise,cisco,Cisco,CCNP Enterprise,cisco-ccnp-enterprise,/certifications/cisco/cisco-ccnp-enterprise,https://rolemath.com/certifications/cisco/cisco-ccnp-enterprise/,https://www.cisco.com/site/us/en/learn/training-certifications/certifications/enterprise/ccnp-enterprise/index.html,unresolved,350-401 ENCOR + one concentration,version conflict,https://www.cisco.com/site/us/en/learn/training-certifications/certifications/enterprise/ccnp-enterprise/exams-and-training.html,2026-08-09,"[{""amount"":400.0,""currency"":""USD"",""scope"":""350-401 ENCOR; United States storefront"",""source_url"":""https://www.cisco.com/site/us/en/learn/training-certifications/exams/index.html"",""checked_date"":""2026-06-26""},{""amount"":300.0,""currency"":""USD"",""scope"":""CCNP Enterprise concentration exam (300-xxx); United States storefront"",""source_url"":""https://www.cisco.com/site/us/en/learn/training-certifications/exams/index.html"",""checked_date"":""2026-06-26""}]","{""lifecycle_state"":""time_limited"",""validity_years"":3.0,""model"":""Earn continuing-education credits or retake a qualifying exam before expiry"",""fee"":0.0,""fee_unit"":""per_cycle"",""ce_credits"":null,""ce_period"":""per 3-year period"",""source_url"":""https://www.cisco.com/site/us/en/learn/training-certifications/certifications/recertification/index.html"",""checked_date"":""2026-07-01""}",role_network_administrator,occ_network_systems_administrators,0,"[""RoleMath did not find an in-window attributable exam/version for the build date.""]"
cert_cisco_ccnp_security,cisco,Cisco,CCNP Security,cisco-ccnp-security,/certifications/cisco/cisco-ccnp-security,,https://www.cisco.com/site/us/en/learn/training-certifications/certifications/security/ccnp-security/index.html,current,350-701 SCOR + one concentration,SCOR v1.1 through 2026-08-26; SCOR v2.0 from 2026-08-27,https://www.cisco.com/site/us/en/learn/training-certifications/certifications/security/ccnp-security/exams-and-training.html,2026-08-09,"[{""amount"":400.0,""currency"":""USD"",""scope"":""350-701 SCOR; United States storefront"",""source_url"":""https://www.cisco.com/site/us/en/learn/training-certifications/exams/index.html"",""checked_date"":""2026-07-01""},{""amount"":300.0,""currency"":""USD"",""scope"":""CCNP Security concentration exam (300-xxx); United States storefront"",""source_url"":""https://www.cisco.com/site/us/en/learn/training-certifications/exams/index.html"",""checked_date"":""2026-07-01""}]","{""lifecycle_state"":""time_limited"",""validity_years"":3.0,""model"":""Earn continuing-education credits or retake a qualifying exam before expiry"",""fee"":0.0,""fee_unit"":""per_cycle"",""ce_credits"":null,""ce_period"":""per 3-year period"",""source_url"":""https://www.cisco.com/site/us/en/learn/training-certifications/certifications/recertification/index.html"",""checked_date"":""2026-07-01""}",role_network_security_engineer,occ_information_security_engineers,0,[]
cert_aws_cloud_practitioner,aws,Amazon Web Services,AWS Certified Cloud Practitioner,aws-certified-cloud-practitioner,/certifications/aws/aws-certified-cloud-practitioner,https://rolemath.com/certifications/aws/aws-certified-cloud-practitioner/,https://docs.aws.amazon.com/aws-certification/latest/cloud-practitioner-02/cloud-practitioner-02.html,current,CLF-C02,current,https://aws.amazon.com/certification/certified-cloud-practitioner/,2026-08-09,"[{""amount"":100.0,""currency"":""USD"",""scope"":""CLF-C02; United States storefront"",""source_url"":""https://aws.amazon.com/certification/certified-cloud-practitioner/"",""checked_date"":""2026-06-13""}]","{""lifecycle_state"":""time_limited"",""validity_years"":3.0,""model"":""Renew free through AWS Cloud Quest: Recertify Cloud Practitioner, or renew by passing the latest Cloud Practitioner, an Associate-level, or a Professional-level exam"",""fee"":0.0,""fee_unit"":""per_cycle"",""ce_credits"":null,""ce_period"":null,""source_url"":""https://aws.amazon.com/certification/recertification/"",""checked_date"":""2026-08-09""}",role_cloud_support_associate;role_technical_support_engineer;role_cloud_engineer,occ_computer_systems_engineers_architects;occ_computer_user_support_specialists,0,[]
cert_aws_certified_ai_practitioner,aws,Amazon Web Services,AWS Certified AI Practitioner,aws-certified-ai-practitioner,/certifications/aws/aws-certified-ai-practitioner,https://rolemath.com/certifications/aws/aws-certified-ai-practitioner/,https://docs.aws.amazon.com/aws-certification/latest/ai-practitioner-01.html,current,AIF-C01,1.1,https://docs.aws.amazon.com/aws-certification/latest/ai-practitioner-01/aif-01-revisions.html,2026-08-07,"[{""amount"":100.0,""currency"":""USD"",""scope"":""AIF-C01; United States storefront"",""source_url"":""https://aws.amazon.com/certification/certified-ai-practitioner/"",""checked_date"":""2026-06-08""}]","{""lifecycle_state"":""time_limited"",""validity_years"":3.0,""model"":""Recertify by passing the latest AWS Certified AI Practitioner exam, the latest AWS Certified Machine Learning Engineer - Associate exam, or the latest AWS Certified Generative AI Developer - Professional exam. Eligible exam routes can use the 50% discount voucher in the holder's AWS Certification Account."",""fee"":null,""fee_unit"":null,""ce_credits"":null,""ce_period"":""per 3-year cycle"",""source_url"":""https://aws.amazon.com/certification/recertification/"",""checked_date"":""2026-08-07""}",,,0,"[""RoleMath has not mapped this credential to an occupation with attributable evidence.""]"
cert_aws_solutions_architect_associate,aws,Amazon Web Services,AWS Certified Solutions Architect Associate,aws-solutions-architect-associate,/certifications/aws/aws-solutions-architect-associate,https://rolemath.com/certifications/aws/aws-solutions-architect-associate/,https://aws.amazon.com/certification/certified-solutions-architect-associate/,current,SAA-C03,current,https://docs.aws.amazon.com/aws-certification/latest/solutions-architect-associate-03.html,2026-08-08,"[{""amount"":150.0,""currency"":""USD"",""scope"":""SAA-C03; United States storefront"",""source_url"":""https://aws.amazon.com/certification/certified-solutions-architect-associate/"",""checked_date"":""2026-06-13""}]","{""lifecycle_state"":""time_limited"",""validity_years"":3.0,""model"":""Retake the current SAA exam, earn Solutions Architect Professional, or use paid AWS Skill Builder maintenance; cost and validity extension vary by route"",""fee"":0.0,""fee_unit"":""per_cycle"",""ce_credits"":null,""ce_period"":null,""source_url"":""https://aws.amazon.com/certification/recertification/"",""checked_date"":""2026-08-09""}",role_cloud_engineer,occ_computer_systems_engineers_architects,4,[]
cert_aws_certified_developer_associate,aws,Amazon Web Services,AWS Certified Developer - Associate,aws-certified-developer-associate,/certifications/aws/aws-certified-developer-associate,,https://docs.aws.amazon.com/aws-certification/latest/developer-associate-02.html,current,DVA-C02,current,https://docs.aws.amazon.com/aws-certification/latest/examguides/aws-certification-exam-guides.html,2026-08-09,"[{""amount"":150.0,""currency"":""USD"",""scope"":""DVA-C02; United States storefront"",""source_url"":""https://aws.amazon.com/certification/certified-developer-associate/"",""checked_date"":""2026-06-08""}]","{""lifecycle_state"":""time_limited"",""validity_years"":3.0,""model"":""Recertify by passing the current exam version or using an eligible AWS maintenance route"",""fee"":0.0,""fee_unit"":""per_cycle"",""ce_credits"":null,""ce_period"":null,""source_url"":""https://aws.amazon.com/certification/recertification/"",""checked_date"":""2026-07-01""}",role_software_developer;role_cloud_engineer,occ_computer_systems_engineers_architects;occ_software_developers,0,[]
cert_aws_certified_cloudops_engineer_associate,aws,Amazon Web Services,AWS Certified CloudOps Engineer - Associate,aws-certified-cloudops-engineer-associate,/certifications/aws/aws-certified-cloudops-engineer-associate,,https://docs.aws.amazon.com/aws-certification/latest/sysops-administrator-associate-03.html,current,SOA-C03,current,https://aws.amazon.com/certification/certified-cloudops-engineer-associate/,2026-08-09,"[{""amount"":150.0,""currency"":""USD"",""scope"":""SOA-C03; United States storefront"",""source_url"":""https://aws.amazon.com/certification/certified-cloudops-engineer-associate/"",""checked_date"":""2026-06-08""}]","{""lifecycle_state"":""time_limited"",""validity_years"":3.0,""model"":""Recertify by passing the current exam version or using an eligible AWS maintenance route"",""fee"":0.0,""fee_unit"":""per_cycle"",""ce_credits"":null,""ce_period"":null,""source_url"":""https://aws.amazon.com/certification/recertification/"",""checked_date"":""2026-07-01""}",role_cloud_engineer,occ_computer_systems_engineers_architects,0,[]
cert_aws_certified_data_engineer_associate,aws,Amazon Web Services,AWS Certified Data Engineer - Associate,aws-certified-data-engineer-associate,/certifications/aws/aws-certified-data-engineer-associate,,https://docs.aws.amazon.com/aws-certification/latest/data-engineer-associate-01.html,current,DEA-C01,current,https://docs.aws.amazon.com/aws-certification/latest/data-engineer-associate-01/data-engineer-associate-01.html,2026-08-09,"[{""amount"":150.0,""currency"":""USD"",""scope"":""DEA-C01; United States storefront"",""source_url"":""https://aws.amazon.com/certification/certified-data-engineer-associate/"",""checked_date"":""2026-06-08""}]","{""lifecycle_state"":""time_limited"",""validity_years"":3.0,""model"":""This certification is valid for 3 years. Before your certification expires, you can recertify by passing the latest version of this exam."",""fee"":null,""fee_unit"":null,""ce_credits"":null,""ce_period"":""per 3-year cycle"",""source_url"":""https://aws.amazon.com/certification/certified-data-engineer-associate/"",""checked_date"":""2026-06-19""}",role_data_engineer,occ_software_developers,0,[]
cert_aws_certified_security_specialty,aws,Amazon Web Services,AWS Certified Security - Specialty,aws-certified-security-specialty,/certifications/aws/aws-certified-security-specialty,,https://docs.aws.amazon.com/aws-certification/latest/security-specialty-03.html,current,SCS-C03,current,https://docs.aws.amazon.com/aws-certification/latest/security-specialty-03/security-specialty-03.html,2026-08-09,"[{""amount"":300.0,""currency"":""USD"",""scope"":""SCS-C03; United States storefront"",""source_url"":""https://aws.amazon.com/certification/certified-security-specialty/"",""checked_date"":""2026-06-08""}]","{""lifecycle_state"":""time_limited"",""validity_years"":3.0,""model"":""Recertify by passing the current exam version or another qualifying AWS certification route"",""fee"":0.0,""fee_unit"":""per_cycle"",""ce_credits"":null,""ce_period"":null,""source_url"":""https://aws.amazon.com/certification/recertification/"",""checked_date"":""2026-07-01""}",role_cybersecurity_analyst;role_it_security_operations_specialist,occ_information_security_analysts,0,[]
cert_aws_certified_solutions_architect_professional,aws,Amazon Web Services,AWS Certified Solutions Architect - Professional,aws-certified-solutions-architect-professional,/certifications/aws/aws-certified-solutions-architect-professional,https://rolemath.com/certifications/aws/aws-certified-solutions-architect-professional/,https://docs.aws.amazon.com/aws-certification/latest/solutions-architect-professional-02.html,current,SAP-C02,current,https://docs.aws.amazon.com/aws-certification/latest/solutions-architect-professional-02/solutions-architect-professional-02.html,2026-08-09,"[{""amount"":300.0,""currency"":""USD"",""scope"":""SAP-C02; United States storefront"",""source_url"":""https://aws.amazon.com/certification/certified-solutions-architect-professional/"",""checked_date"":""2026-06-08""}]","{""lifecycle_state"":""time_limited"",""validity_years"":3.0,""model"":""Recertify by passing the current exam version or using an eligible AWS maintenance route"",""fee"":0.0,""fee_unit"":""per_cycle"",""ce_credits"":null,""ce_period"":null,""source_url"":""https://aws.amazon.com/certification/recertification/"",""checked_date"":""2026-07-01""}",role_cloud_engineer,occ_computer_systems_engineers_architects,0,[]
cert_microsoft_az900,microsoft,Microsoft,Microsoft Azure Fundamentals,microsoft-az-900,/certifications/microsoft/microsoft-az-900,https://rolemath.com/certifications/microsoft/microsoft-az-900/,https://learn.microsoft.com/en-us/credentials/certifications/resources/study-guides/az-900,current,AZ-900,current,https://learn.microsoft.com/en-us/credentials/certifications/azure-fundamentals/,2026-08-09,"[{""amount"":99.0,""currency"":""USD"",""scope"":""AZ-900; United States storefront"",""source_url"":""https://learn.microsoft.com/en-us/credentials/exam-pricing.json"",""checked_date"":""2026-06-19""}]","{""lifecycle_state"":""no_expiration"",""validity_years"":0.0,""model"":""Does not expire — no renewal required"",""fee"":0.0,""fee_unit"":""per_cycle"",""ce_credits"":null,""ce_period"":null,""source_url"":""https://learn.microsoft.com/en-us/credentials/certifications/renew-your-microsoft-certification"",""checked_date"":""2026-08-09""}",role_cloud_support_associate;role_technical_support_engineer,occ_computer_user_support_specialists,0,[]
cert_microsoft_az104,microsoft,Microsoft,Microsoft Azure Administrator Associate,microsoft-az-104,/certifications/microsoft/microsoft-az-104,https://rolemath.com/certifications/microsoft/microsoft-az-104/,https://learn.microsoft.com/en-us/credentials/certifications/resources/study-guides/az-104,current,AZ-104,current,https://learn.microsoft.com/en-us/credentials/certifications/azure-administrator/,2026-08-09,"[{""amount"":165.0,""currency"":""USD"",""scope"":""AZ-104; United States storefront"",""source_url"":""https://learn.microsoft.com/en-us/credentials/exam-pricing.json"",""checked_date"":""2026-06-19""}]","{""lifecycle_state"":""time_limited"",""validity_years"":1.0,""model"":""Free open-book online renewal assessment on Microsoft Learn (6-month window before expiry)"",""fee"":0.0,""fee_unit"":""per_year"",""ce_credits"":null,""ce_period"":null,""source_url"":""https://learn.microsoft.com/en-us/credentials/certifications/renew-your-microsoft-certification"",""checked_date"":""2026-06-14""}",role_junior_systems_administrator;role_cloud_engineer,occ_computer_systems_engineers_architects;occ_network_systems_administrators,0,[]
cert_microsoft_azure_ai_cloud_developer_associate,microsoft,Microsoft,Microsoft Certified: Azure AI Cloud Developer Associate,microsoft-azure-ai-cloud-developer-associate,/certifications/microsoft/microsoft-azure-ai-cloud-developer-associate,,https://learn.microsoft.com/en-us/credentials/certifications/azure-ai-cloud-developer-associate/,current,AI-200,current,https://learn.microsoft.com/en-us/credentials/certifications/azure-ai-cloud-developer-associate/,2026-08-09,[],null,,,0,"[""Eligibility has not been checked or recorded as an attributable unknown."",""No current scoped exam fee is attributable yet."",""Lifecycle or renewal semantics are not attributable yet."",""No current official and genuinely free preparation resource is recorded."",""RoleMath has not mapped this credential to an occupation with attributable evidence.""]"
cert_microsoft_azure_solutions_architect_expert,microsoft,Microsoft,Microsoft Certified: Azure Solutions Architect Expert,microsoft-azure-solutions-architect-expert,/certifications/microsoft/microsoft-azure-solutions-architect-expert,https://rolemath.com/certifications/microsoft/microsoft-azure-solutions-architect-expert/,https://learn.microsoft.com/en-us/credentials/certifications/azure-solutions-architect/?WT.mc_id=api_CatalogApi,current,AZ-305,current,https://learn.microsoft.com/en-us/credentials/certifications/azure-solutions-architect/,2026-08-09,[],"{""lifecycle_state"":""time_limited"",""validity_years"":1.0,""model"":""Free online renewal assessment on Microsoft Learn during the renewal window"",""fee"":0.0,""fee_unit"":""per_year"",""ce_credits"":null,""ce_period"":null,""source_url"":""https://learn.microsoft.com/en-us/credentials/certifications/renew-your-microsoft-certification"",""checked_date"":""2026-07-01""}",role_cloud_engineer,occ_computer_systems_engineers_architects,0,"[""No current scoped exam fee is attributable yet.""]"
cert_microsoft_azure_ai_fundamentals,microsoft,Microsoft,Microsoft Certified: Azure AI Fundamentals,microsoft-azure-ai-fundamentals,/certifications/microsoft/microsoft-azure-ai-fundamentals,,https://learn.microsoft.com/en-us/credentials/certifications/azure-ai-fundamentals/?WT.mc_id=api_CatalogApi,current,AI-901,current,https://learn.microsoft.com/en-us/credentials/certifications/azure-ai-fundamentals/,2026-08-09,"[{""amount"":99.0,""currency"":""USD"",""scope"":""AI-900; United States storefront"",""source_url"":""https://learn.microsoft.com/en-us/credentials/exam-pricing.json"",""checked_date"":""2026-06-27""},{""amount"":99.0,""currency"":""USD"",""scope"":""AI-901; United States storefront"",""source_url"":""https://learn.microsoft.com/en-us/credentials/exam-pricing.json"",""checked_date"":""2026-06-27""}]",null,role_ai_specialist,occ_data_scientists,0,"[""Lifecycle or renewal semantics are not attributable yet.""]"
cert_microsoft_security_compliance_and_identity_fundamentals,microsoft,Microsoft,"Microsoft Certified: Security, Compliance, and Identity Fundamentals",microsoft-security-compliance-and-identity-fundamentals,/certifications/microsoft/microsoft-security-compliance-and-identity-fundamentals,,https://learn.microsoft.com/en-us/credentials/certifications/security-compliance-and-identity-fundamentals/?WT.mc_id=api_CatalogApi,current,SC-900,current,https://learn.microsoft.com/en-us/credentials/certifications/security-compliance-and-identity-fundamentals/,2026-08-09,[],"{""lifecycle_state"":""no_expiration"",""validity_years"":0.0,""model"":""Does not expire - no renewal required"",""fee"":0.0,""fee_unit"":""per_cycle"",""ce_credits"":null,""ce_period"":null,""source_url"":""https://learn.microsoft.com/en-us/credentials/certifications/renew-your-microsoft-certification"",""checked_date"":""2026-07-01""}",role_it_security_operations_specialist;role_security_engineer,occ_information_security_analysts,0,"[""No current scoped exam fee is attributable yet.""]"
cert_microsoft_security_operations_analyst_associate,microsoft,Microsoft,Microsoft Certified: Security Operations Analyst Associate,microsoft-security-operations-analyst-associate,/certifications/microsoft/microsoft-security-operations-analyst-associate,,https://learn.microsoft.com/en-us/credentials/certifications/security-operations-analyst/?WT.mc_id=api_CatalogApi,current,SC-200,current,https://learn.microsoft.com/en-us/credentials/certifications/security-operations-analyst/,2026-08-09,[],"{""lifecycle_state"":""time_limited"",""validity_years"":1.0,""model"":""Free online renewal assessment on Microsoft Learn during the renewal window"",""fee"":0.0,""fee_unit"":""per_year"",""ce_credits"":null,""ce_period"":null,""source_url"":""https://learn.microsoft.com/en-us/credentials/certifications/renew-your-microsoft-certification"",""checked_date"":""2026-07-01""}",role_soc_analyst,occ_information_security_analysts,0,"[""No current scoped exam fee is attributable yet.""]"
cert_microsoft_power_bi_data_analyst_associate,microsoft,Microsoft,Microsoft Certified: Power BI Data Analyst Associate,microsoft-power-bi-data-analyst-associate,/certifications/microsoft/microsoft-power-bi-data-analyst-associate,,https://learn.microsoft.com/en-us/credentials/certifications/data-analyst-associate/?WT.mc_id=api_CatalogApi,current,PL-300,current,https://learn.microsoft.com/en-us/credentials/certifications/data-analyst-associate/,2026-08-09,[],"{""lifecycle_state"":""unknown"",""validity_years"":null,""model"":""Do you know that Microsoft role-based and specialty certifications expire unless they are renewed? Learn the latest updates to the technology for your job role and renew your certification at no cost by passing an online assessment on Micro"",""fee"":null,""fee_unit"":null,""ce_credits"":null,""ce_period"":null,""source_url"":""https://learn.microsoft.com/en-us/credentials/certifications/data-analyst-associate/?WT.mc_id=api_CatalogApi"",""checked_date"":""2026-06-12""}",role_data_analyst,occ_business_intelligence_analysts,0,"[""No current scoped exam fee is attributable yet."",""Lifecycle or renewal semantics are not attributable yet.""]"
cert_google_cloud_cloud_digital_leader,google_cloud,Google Cloud,Cloud Digital Leader,google-cloud-cloud-digital-leader,/certifications/google-cloud/google-cloud-cloud-digital-leader,,https://cloud.google.com/certification/cloud-digital-leader,current,,vendor_no_number / current guide through 2026-08-11,https://cloud.google.com/learn/certification/cloud-digital-leader,2026-08-09,"[{""amount"":99.0,""currency"":""USD"",""scope"":""United States storefront"",""source_url"":""https://cloud.google.com/learn/certification/cloud-digital-leader"",""checked_date"":""2026-07-01""}]","{""lifecycle_state"":""time_limited"",""validity_years"":3.0,""model"":""3 years"",""fee"":null,""fee_unit"":null,""ce_credits"":null,""ce_period"":""per 3-year cycle"",""source_url"":""https://cloud.google.com/certification/cloud-digital-leader"",""checked_date"":""2026-06-12""}",role_cloud_engineer;role_cloud_support_associate,occ_computer_systems_engineers_architects;occ_computer_user_support_specialists,0,[]
cert_google_cloud_associate_cloud_engineer,google_cloud,Google Cloud,Associate Cloud Engineer,google-cloud-associate-cloud-engineer,/certifications/google-cloud/google-cloud-associate-cloud-engineer,https://rolemath.com/certifications/google-cloud/google-cloud-associate-cloud-engineer/,https://cloud.google.com/certification/cloud-engineer,current,,vendor_no_number,https://cloud.google.com/learn/certification/cloud-engineer,2026-08-09,"[{""amount"":125.0,""currency"":""USD"",""scope"":""United States storefront"",""source_url"":""https://cloud.google.com/learn/certification/cloud-engineer"",""checked_date"":""2026-07-01""}]","{""lifecycle_state"":""time_limited"",""validity_years"":3.0,""model"":""3 years"",""fee"":75.0,""fee_unit"":""per_cycle"",""ce_credits"":null,""ce_period"":""per 3-year cycle"",""source_url"":""https://support.google.com/cloud-certification/answer/9907853"",""checked_date"":""2026-06-12""}",role_cloud_engineer,occ_computer_systems_engineers_architects,0,[]
cert_google_cloud_professional_cloud_architect,google_cloud,Google Cloud,Professional Cloud Architect,google-cloud-professional-cloud-architect,/certifications/google-cloud/google-cloud-professional-cloud-architect,https://rolemath.com/certifications/google-cloud/google-cloud-professional-cloud-architect/,https://cloud.google.com/certification/cloud-architect,current,,vendor_no_number,https://cloud.google.com/learn/certification/cloud-architect,2026-08-09,"[{""amount"":200.0,""currency"":""USD"",""scope"":""United States storefront"",""source_url"":""https://cloud.google.com/learn/certification/cloud-architect"",""checked_date"":""2026-07-01""}]","{""lifecycle_state"":""time_limited"",""validity_years"":2.0,""model"":""2 years"",""fee"":100.0,""fee_unit"":""per_cycle"",""ce_credits"":null,""ce_period"":""per 2-year cycle"",""source_url"":""https://support.google.com/cloud-certification/answer/9907853"",""checked_date"":""2026-06-12""}",role_cloud_engineer,occ_computer_systems_engineers_architects,0,[]
cert_isc2_cc_certified_in_cybersecurity,isc2,ISC2,CC - Certified in Cybersecurity,isc2-cc-certified-in-cybersecurity,/certifications/isc2/isc2-cc-certified-in-cybersecurity,https://rolemath.com/certifications/isc2/isc2-cc-certified-in-cybersecurity/,https://www.isc2.org/certifications/cc,current,CC,2025-10-01 outline,https://www.isc2.org/certifications/cc/cc-certification-exam-outline,2026-08-09,"[{""amount"":199.0,""currency"":""USD"",""scope"":""CC; United States storefront"",""source_url"":""https://www.isc2.org/register-for-exam/isc2-exam-pricing"",""checked_date"":""2026-07-01""}]","{""lifecycle_state"":""time_limited"",""validity_years"":3.0,""model"":""Annual Maintenance Fee + earn CPE credits"",""fee"":50.0,""fee_unit"":""per_year"",""ce_credits"":45.0,""ce_period"":""per 3-year cycle (15/yr)"",""source_url"":""https://www.isc2.org/policies-procedures/member-policies"",""checked_date"":""2026-07-01""}",role_cybersecurity_analyst;role_it_security_operations_specialist,occ_information_security_analysts,0,[]
cert_isc2_sscp_systems_security_certified_practitioner,isc2,ISC2,SSCP - Systems Security Certified Practitioner,isc2-sscp-systems-security-certified-practitioner,/certifications/isc2/isc2-sscp-systems-security-certified-practitioner,https://rolemath.com/certifications/isc2/isc2-sscp-systems-security-certified-practitioner/,https://www.isc2.org/certifications/sscp,current,SSCP,October 2025 outline,https://www.isc2.org/certifications/sscp/sscp-certification-exam-outline,2026-08-08,"[{""amount"":249.0,""currency"":""USD"",""scope"":""SSCP; United States storefront"",""source_url"":""https://www.isc2.org/register-for-exam/isc2-exam-pricing"",""checked_date"":""2026-07-01""}]","{""lifecycle_state"":""time_limited"",""validity_years"":3.0,""model"":""Annual Maintenance Fee + earn CPE credits"",""fee"":135.0,""fee_unit"":""per_year"",""ce_credits"":60.0,""ce_period"":""per 3-year cycle (20/yr)"",""source_url"":""https://www.isc2.org/policies-procedures/member-policies"",""checked_date"":""2026-07-26""}",role_cybersecurity_analyst;role_it_security_operations_specialist,occ_information_security_analysts,0,[]
cert_isc2_cissp_certified_information_systems_security_professional,isc2,ISC2,CISSP - Certified Information Systems Security Professional,isc2-cissp-certified-information-systems-security-professional,/certifications/isc2/isc2-cissp-certified-information-systems-security-professional,https://rolemath.com/certifications/isc2/isc2-cissp-certified-information-systems-security-professional/,https://www.isc2.org/certifications/cissp,current,CISSP,current exam outline,https://www.isc2.org/certifications/cissp/cissp-certification-exam-outline,2026-08-09,"[{""amount"":749.0,""currency"":""USD"",""scope"":""CISSP; United States storefront"",""source_url"":""https://www.isc2.org/register-for-exam/isc2-exam-pricing"",""checked_date"":""2026-07-05""}]","{""lifecycle_state"":""time_limited"",""validity_years"":3.0,""model"":""Annual Maintenance Fee + earn CPE credits"",""fee"":135.0,""fee_unit"":""per_year"",""ce_credits"":120.0,""ce_period"":""per 3-year cycle (40/yr)"",""source_url"":""https://www.isc2.org/policies-procedures/member-policies"",""checked_date"":""2026-07-26""}",role_cybersecurity_analyst;role_it_security_operations_specialist,occ_information_security_analysts,0,[]
cert_isc2_ccsp_certified_cloud_security_professional,isc2,ISC2,CCSP - Certified Cloud Security Professional,isc2-ccsp-certified-cloud-security-professional,/certifications/isc2/isc2-ccsp-certified-cloud-security-professional,,https://www.isc2.org/certifications/ccsp,current,CCSP,current exam outline,https://www.isc2.org/certifications/ccsp/ccsp-certification-exam-outline,2026-08-09,"[{""amount"":599.0,""currency"":""USD"",""scope"":""CCSP; United States storefront"",""source_url"":""https://www.isc2.org/register-for-exam/isc2-exam-pricing"",""checked_date"":""2026-07-01""}]","{""lifecycle_state"":""time_limited"",""validity_years"":3.0,""model"":""Annual Maintenance Fee + earn CPE credits"",""fee"":135.0,""fee_unit"":""per_year"",""ce_credits"":90.0,""ce_period"":""per 3-year cycle (30/yr)"",""source_url"":""https://www.isc2.org/policies-procedures/member-policies"",""checked_date"":""2026-07-01""}",role_cybersecurity_analyst;role_cloud_engineer,occ_computer_systems_engineers_architects;occ_information_security_analysts,0,[]
cert_isaca_cisa_certified_information_systems_auditor,isaca,ISACA,CISA - Certified Information Systems Auditor,isaca-cisa-certified-information-systems-auditor,/certifications/isaca/isaca-cisa-certified-information-systems-auditor,https://rolemath.com/certifications/isaca/isaca-cisa-certified-information-systems-auditor/,https://www.isaca.org/credentialing,current,CISA,current exam outline,https://www.isaca.org/credentialing/cisa,2026-08-09,"[{""amount"":575.0,""currency"":""USD"",""scope"":""member"",""source_url"":""https://www.isaca.org/credentialing/cisa"",""checked_date"":""2026-08-09""},{""amount"":760.0,""currency"":""USD"",""scope"":""non-member"",""source_url"":""https://www.isaca.org/credentialing/cisa"",""checked_date"":""2026-08-09""}]","{""lifecycle_state"":""time_limited"",""validity_years"":3.0,""model"":""ISACA page states holders must report at least 120 CPE hours during a three-year reporting period, with at least 20 CPE hours per year."",""fee"":85.0,""fee_unit"":""per_year"",""ce_credits"":null,""ce_period"":""per 3-year cycle"",""source_url"":""https://www.isaca.org/credentialing/cisa/maintain-cisa-certification"",""checked_date"":""2026-06-09""}",role_it_security_operations_specialist,occ_information_security_analysts,0,[]
cert_isaca_cism_certified_information_security_manager,isaca,ISACA,CISM - Certified Information Security Manager,isaca-cism-certified-information-security-manager,/certifications/isaca/isaca-cism-certified-information-security-manager,https://rolemath.com/certifications/isaca/isaca-cism-certified-information-security-manager/,https://www.isaca.org/credentialing,current,CISM,current through 2026-11-02,https://www.isaca.org/credentialing/cism,2026-08-09,"[{""amount"":575.0,""currency"":""USD"",""scope"":""member"",""source_url"":""https://www.isaca.org/credentialing/cism"",""checked_date"":""2026-08-09""},{""amount"":760.0,""currency"":""USD"",""scope"":""non-member"",""source_url"":""https://www.isaca.org/credentialing/cism"",""checked_date"":""2026-08-09""}]","{""lifecycle_state"":""time_limited"",""validity_years"":3.0,""model"":""ISACA page states holders must report at least 120 CPE hours during a three-year reporting period, with at least 20 CPE hours per year."",""fee"":85.0,""fee_unit"":""per_year"",""ce_credits"":null,""ce_period"":""per 3-year cycle"",""source_url"":""https://www.isaca.org/credentialing/cism/maintain-cism-certification"",""checked_date"":""2026-06-09""}",role_cybersecurity_analyst;role_it_security_operations_specialist,occ_information_security_analysts,0,[]
cert_red_hat_red_hat_certified_system_administrator_rhcsa,red_hat,Red Hat,Red Hat Certified System Administrator (RHCSA),red-hat-red-hat-certified-system-administrator-rhcsa,/certifications/red-hat/red-hat-red-hat-certified-system-administrator-rhcsa,,https://www.redhat.com/en/services/certification/rhcsa,current,EX200,Red Hat Enterprise Linux 10,https://www.redhat.com/en/services/training/ex200-red-hat-certified-system-administrator-rhcsa-exam,2026-08-09,"[{""amount"":500.0,""currency"":""USD"",""scope"":""EX200; United States storefront"",""source_url"":""https://docs.redhat.com/en/documentation/red_hat_learning_subscription/1-latest/html/red_hat_certification_program_guide/index"",""checked_date"":""2026-08-09""}]","{""lifecycle_state"":""time_limited"",""validity_years"":3.0,""model"":""Current for three years; Red Hat lists multiple renewal routes. Current official pages conflict on the exhaustive route framework, so confirm the route selected."",""fee"":null,""fee_unit"":null,""ce_credits"":null,""ce_period"":""per 3-year current period"",""source_url"":""https://www.redhat.com/en/services/certification/renewal"",""checked_date"":""2026-08-09""}",role_junior_systems_administrator,occ_network_systems_administrators,0,[]
cert_linux_foundation_lfcs,linux_foundation,Linux Foundation,Linux Foundation Certified System Administrator,lfcs,/certifications/linux-foundation/lfcs,https://rolemath.com/certifications/linux-foundation/lfcs/,https://training.linuxfoundation.org/certification/LFCS/,current,,distribution-independent / vendor_no_number,https://training.linuxfoundation.org/certification/LFCS/,2026-08-09,"[{""amount"":445.0,""currency"":""USD"",""scope"":""LFCS; United States storefront"",""source_url"":""https://training.linuxfoundation.org/certification/linux-foundation-certified-sysadmin-lfcs/"",""checked_date"":""2026-08-09""}]","{""lifecycle_state"":""time_limited"",""validity_years"":2.0,""model"":""Renew by retaking and passing the same exam before expiry"",""fee"":0.0,""fee_unit"":""per_cycle"",""ce_credits"":null,""ce_period"":null,""source_url"":""https://docs.linuxfoundation.org/tc-docs/certification/lf-handbook2/certificates-and-certification"",""checked_date"":""2026-08-09""}",role_junior_systems_administrator;role_systems_engineer;role_devops_engineer,occ_network_systems_administrators,0,[]
cert_linux_foundation_certified_kubernetes_administrator_cka,linux_foundation,Linux Foundation,Certified Kubernetes Administrator (CKA),linux-foundation-certified-kubernetes-administrator-cka,/certifications/linux-foundation/linux-foundation-certified-kubernetes-administrator-cka,https://rolemath.com/certifications/linux-foundation/linux-foundation-certified-kubernetes-administrator-cka/,https://training.linuxfoundation.org/certification/certified-kubernetes-administrator-cka/,current,,Kubernetes v1.35 / vendor_no_number,https://training.linuxfoundation.org/certification/certified-kubernetes-administrator-cka/,2026-08-09,"[{""amount"":445.0,""currency"":""USD"",""scope"":""CKA; United States storefront"",""source_url"":""https://training.linuxfoundation.org/certification/certified-kubernetes-administrator-cka/"",""checked_date"":""2026-08-09""}]","{""lifecycle_state"":""time_limited"",""validity_years"":2.0,""model"":""Renew by retaking and passing the same exam before expiry"",""fee"":0.0,""fee_unit"":""per_cycle"",""ce_credits"":null,""ce_period"":null,""source_url"":""https://docs.linuxfoundation.org/tc-docs/certification/lf-handbook2/certificates-and-certification"",""checked_date"":""2026-08-09""}",role_cloud_engineer,occ_computer_systems_engineers_architects,0,[]
cert_offensive_security_oscp,offensive_security,OffSec,OffSec Certified Professional (OSCP) and OSCP+,offensive-security-oscp,/certifications/offensive-security/offensive-security-oscp,https://rolemath.com/certifications/offensive-security/offensive-security-oscp/,https://www.offsec.com/courses/pen-200/,current,PEN-200 OSCP+,current,https://www.offsec.com/courses/pen-200/,2026-08-09,"[{""amount"":1699.0,""currency"":""USD"",""scope"":""PEN-200;OSCP+; United States storefront"",""source_url"":""https://www.offsec.com/courses/pen-200/"",""checked_date"":""2026-06-26""}]","{""lifecycle_state"":""no_expiration"",""validity_years"":3.0,""model"":""OSCP has no expiration; OSCP+ expires after 3 years and renews via a recert exam, a qualifying higher OffSec cert, or the OffSec CPE program."",""fee"":null,""fee_unit"":null,""ce_credits"":null,""ce_period"":""per 3-year cycle"",""source_url"":""https://www.offsec.com/courses/pen-200/"",""checked_date"":""2026-06-26""}",role_penetration_tester;role_penetration_tester,,0,"[""RoleMath has not mapped this credential to an occupation with attributable evidence.""]"
cert_ec_council_certified_ethical_hacker_ceh,ec_council,EC-Council,Certified Ethical Hacker (CEH),ec-council-certified-ethical-hacker-ceh,/certifications/ec-council/ec-council-certified-ethical-hacker-ceh,,https://www.eccouncil.org/train-certify/certified-ethical-hacker-ceh-v13-north-america/,unresolved,312-50,CEH v13 / CEH AI identity unresolved,https://www.eccouncil.org/train-certify/certified-ethical-hacker-ceh/,2026-08-09,[],"{""lifecycle_state"":""time_limited"",""validity_years"":3.0,""model"":""EC-Council ECE policy states certifications are valid for three years from certification; members under the ECE scheme must complete 120 ECE credits within the three-year window and keep CE fees current."",""fee"":null,""fee_unit"":null,""ce_credits"":null,""ce_period"":""per 3-year cycle"",""source_url"":""https://cert.eccouncil.org/ece-policy.html"",""checked_date"":""2026-06-08""}",role_cybersecurity_analyst,occ_information_security_analysts,0,"[""RoleMath did not find an in-window attributable exam/version for the build date."",""No current scoped exam fee is attributable yet.""]"
cert_pmi_pmp,pmi,Project Management Institute,Project Management Professional,pmi-pmp,/certifications/pmi/pmi-pmp,,https://www.pmi.org/certifications/project-management-pmp,current,PMP,Updated exam effective 2026-07-09,https://www.pmi.org/certifications/project-management-pmp,2026-08-09,[],"{""lifecycle_state"":""time_limited"",""validity_years"":3.0,""model"":""PMP requires 60 PDUs over a 3-year cycle; we have not recorded a single published renewal fee, because the cited PMI page shows costs at registration and they vary by membership and region."",""fee"":null,""fee_unit"":null,""ce_credits"":null,""ce_period"":""per 3-year cycle"",""source_url"":""https://www.pmi.org/certifications/certification-resources/maintain"",""checked_date"":""2026-06-09""}",role_project_coordinator,occ_project_management_specialists,0,"[""No current scoped exam fee is attributable yet.""]"
cert_pmi_capm,pmi,Project Management Institute,Certified Associate in Project Management,pmi-capm,/certifications/pmi/pmi-capm,,https://www.pmi.org/certifications/certified-associate-capm,current,,vendor_no_number,https://www.pmi.org/certifications/certified-associate-capm/,2026-08-09,[],"{""lifecycle_state"":""time_limited"",""validity_years"":3.0,""model"":""Per-cycle renewal fee + earn PDUs"",""fee"":60.0,""fee_unit"":""per_cycle"",""ce_credits"":15.0,""ce_period"":""PDUs per 3-year cycle"",""source_url"":""https://www.pmi.org/-/media/pmi/documents/public/pdf/certifications/maintaining-capm-faqs.pdf"",""checked_date"":""2026-06-14""}",role_project_coordinator,occ_project_management_specialists,0,"[""No current scoped exam fee is attributable yet.""]"
cert_peoplecert_itil4_foundation,peoplecert,PeopleCert,ITIL 4 Foundation,peoplecert-itil-4-foundation,/certifications/peoplecert/itil-4-foundation,,https://www.peoplecert.org/browse-certifications/it-governance-and-service-management/ITIL-1/itil-4-foundation-2565,current,ITIL 4 Foundation,ITIL 4 with Version 5 transition,https://www.peoplecert.org/browse-certifications/it-governance-and-service-management/ITIL-1/itil-4-foundation-2565,2026-08-09,[],null,,,0,"[""No current scoped exam fee is attributable yet."",""Lifecycle or renewal semantics are not attributable yet."",""No current official and genuinely free preparation resource is recorded."",""RoleMath has not mapped this credential to an occupation with attributable evidence.""]"
